"Data Source","WDI Database Archives",

"Last Updated Date","2025-10-29",

"Country Name","Country Code","Indicator Name","Indicator Code","1960","1961","1962","1963","1964","1965","1966","1967","1968","1969","1970","1971","1972","1973","1974","1975","1976","1977","1978","1979","1980","1981","1982","1983","1984","1985","1986","1987","1988","1989","1990","1991","1992","1993","1994","1995","1996","1997","1998","1999","2000","2001","2002","2003","2004","2005","2006","2007","2008","2009","2010","2011","2012","2013","2014","2015","2016","2017","2018","2019","2020","2021","2022","2023","2024","2025",
"Aruba","ABW","UHC service coverage index","SH.UHC.SRVS.CV.XD","","","","","","","","","","","","","","","","","","","","","","","","","","","","","","","","","","","","","","","","","","","","","","","","","","","","","","","","","","","","","","","","","","",
"Andorra","AND","UHC service coverage index","SH.UHC.SRVS.CV.XD","","","","","","","","","","","","","","","","","","","","","","","","","","","","","","","","","","","","","","","","","","","","","","","","","","","","","","","","","","","","","","","","","","",
"Africa Eastern and Southern","AFE","UHC service coverage index","SH.UHC.SRVS.CV.XD","","","","","","","","","","","","","","","","","","","","","","","","","","","","","","","","","","","","","","","","","","","","","","","","","","","","","","","","132.540764672753","","136.24689055214","","","","","","","","",
"Afghanistan","AFG","UHC service coverage index","SH.UHC.SRVS.CV.XD","","","","","","","","","","","","","","","","","","","","","","","","","","","","","","","","","","","","","","","","","536","","","","","656","","","","","688","","","","","1886","","1573","","968","","656","","","","",
"Africa Western and Central","AFW","UHC service coverage index","SH.UHC.SRVS.CV.XD","","","","","","","","","","","","","","","","","","","","","","","","","","","","","","","","","","","","","","","","","","","","","","","","","","","","","","","","122.150798256987","","124.885840798095","","","","","","","","",
"Angola","AGO","UHC service coverage index","SH.UHC.SRVS.CV.XD","","","","","","","","","","","","","","","","","","","","","","","","","","","","","","","","","","","","","","","","","512","","","","","568","","","","","752","","","","","2022","","1632","","936","","592","","","","",
"Albania","ALB","UHC service coverage index","SH.UHC.SRVS.CV.XD","","","","","","","","","","","","","","","","","","","","","","","","","","","","","","","","","","","","","","","","","1048","","","","","1272","","","","","1384","","","","","3326","","2475","","1520","","1024","","","","",
"Andorra","AND","UHC service coverage index","SH.UHC.SRVS.CV.XD","","","","","","","","","","","","","","","","","","","","","","","","","","","","","","","","","","","","","","","","","1600","","","","","1704","","","","","1768","","","","","1800","","1824","","1864","","1264","","","","",
"Netherlands Antilles","ANT","UHC service coverage index","SH.UHC.SRVS.CV.XD","","","","","","","","","","","","","","","","","","","","","","","","","","","","","","","","","","","","","","","","","","","","","","","","","","","","","","","","","","","","","","","","","","",
"Arab League states","ARB","UHC service coverage index","SH.UHC.SRVS.CV.XD","","","","","","","","","","","","","","","","","","","","","","","","","","","","","","","","","","","","","","","","","","","","","","","","","","","","","","","","1900.8939858264","","1074.24323875909","","","","","","","","",
"United Arab Emirates","ARE","UHC service coverage index","SH.UHC.SRVS.CV.XD","","","","","","","","","","","","","","","","","","","","","","","","","","","","","","","","","","","","","","","","","1176","","","","","1552","","","","","1584","","","","","3008","","3076","","1824","","1312","","","","",
"Argentina","ARG","UHC service coverage index","SH.UHC.SRVS.CV.XD","","","","","","","","","","","","","","","","","","","","","","","","","","","","","","","","","","","","","","","","","1632","","","","","1760","","","","","1800","","","","","4228","","3148","","1832","","1264","","","","",
"Armenia","ARM","UHC service coverage index","SH.UHC.SRVS.CV.XD","","","","","","","","","","","","","","","","","","","","","","","","","","","","","","","","","","","","","","","","","1072","","","","","1184","","","","","1416","","","","","3652","","2821","","1672","","1088","","","","",
"American Samoa","ASM","UHC service coverage index","SH.UHC.SRVS.CV.XD","","","","","","","","","","","","","","","","","","","","","","","","","","","","","","","","","","","","","","","","","","","","","","","","","","","","","","","","","","","","","","","","","","",
"Antigua and Barbuda","ATG","UHC service coverage index","SH.UHC.SRVS.CV.XD","","","","","","","","","","","","","","","","","","","","","","","","","","","","","","","","","","","","","","","","","1208","","","","","1592","","","","","1720","","","","","3065","","3049","","1776","","1216","","","","",
"Australia","AUS","UHC service coverage index","SH.UHC.SRVS.CV.XD","","","","","","","","","","","","","","","","","","","","","","","","","","","","","","","","","","","","","","","","","1936","","","","","1984","","","","","2008","","","","","4662","","3567","","2088","","1392","","","","",
"Austria","AUT","UHC service coverage index","SH.UHC.SRVS.CV.XD","","","","","","","","","","","","","","","","","","","","","","","","","","","","","","","","","","","","","","","","","1648","","","","","1808","","","","","1904","","","","","4439","","3335","","2000","","1360","","","","",
"Azerbaijan","AZE","UHC service coverage index","SH.UHC.SRVS.CV.XD","","","","","","","","","","","","","","","","","","","","","","","","","","","","","","","","","","","","","","","","","1024","","","","","920","","","","","1240","","","","","3447","","2633","","1592","","1056","","","","",
"Burundi","BDI","UHC service coverage index","SH.UHC.SRVS.CV.XD","","","","","","","","","","","","","","","","","","","","","","","","","","","","","","","","","","","","","","","","","440","","","","","584","","","","","816","","","","","2293","","1690","","1024","","656","","","","",
"Belgium","BEL","UHC service coverage index","SH.UHC.SRVS.CV.XD","","","","","","","","","","","","","","","","","","","","","","","","","","","","","","","","","","","","","","","","","1840","","","","","1928","","","","","1984","","","","","4579","","3500","","2072","","1376","","","","",
"Benin","BEN","UHC service coverage index","SH.UHC.SRVS.CV.XD","","","","","","","","","","","","","","","","","","","","","","","","","","","","","","","","","","","","","","","","","520","","","","","544","","","","","808","","","","","2110","","1528","","864","","608","","","","",
"Burkina Faso","BFA","UHC service coverage index","SH.UHC.SRVS.CV.XD","","","","","","","","","","","","","","","","","","","","","","","","","","","","","","","","","","","","","","","","","392","","","","","544","","","","","744","","","","","2064","","1616","","952","","640","","","","",
"Bangladesh","BGD","UHC service coverage index","SH.UHC.SRVS.CV.XD","","","","","","","","","","","","","","","","","","","","","","","","","","","","","","","","","","","","","","","","","560","","","","","640","","","","","888","","","","","2506","","1968","","1208","","832","","","","",
"Bulgaria","BGR","UHC service coverage index","SH.UHC.SRVS.CV.XD","","","","","","","","","","","","","","","","","","","","","","","","","","","","","","","","","","","","","","","","","1432","","","","","1480","","","","","1544","","","","","3632","","2810","","1776","","1168","","","","",
"Bahrain","BHR","UHC service coverage index","SH.UHC.SRVS.CV.XD","","","","","","","","","","","","","","","","","","","","","","","","","","","","","","","","","","","","","","","","","1472","","","","","1552","","","","","1640","","","","","3019","","3069","","1784","","1216","","","","",
"Bahamas, The","BHS","UHC service coverage index","SH.UHC.SRVS.CV.XD","","","","","","","","","","","","","","","","","","","","","","","","","","","","","","","","","","","","","","","","","1264","","","","","1648","","","","","1680","","","","","3009","","3091","","1824","","1232","","","","",
"Bosnia and Herzegovina","BIH","UHC service coverage index","SH.UHC.SRVS.CV.XD","","","","","","","","","","","","","","","","","","","","","","","","","","","","","","","","","","","","","","","","","1048","","","","","1448","","","","","1464","","","","","3402","","2677","","1592","","1056","","","","",
"Belarus","BLR","UHC service coverage index","SH.UHC.SRVS.CV.XD","","","","","","","","","","","","","","","","","","","","","","","","","","","","","","","","","","","","","","","","","1248","","","","","1384","","","","","1640","","","","","4062","","3108","","1888","","1264","","","","",
"Belize","BLZ","UHC service coverage index","SH.UHC.SRVS.CV.XD","","","","","","","","","","","","","","","","","","","","","","","","","","","","","","","","","","","","","","","","","1120","","","","","1400","","","","","1536","","","","","2738","","2696","","1640","","1088","","","","",
"Bermuda","BMU","UHC service coverage index","SH.UHC.SRVS.CV.XD","","","","","","","","","","","","","","","","","","","","","","","","","","","","","","","","","","","","","","","","","","","","","","","","","","","","","","","","","","","","","","","","","","",
"Bolivia","BOL","UHC service coverage index","SH.UHC.SRVS.CV.XD","","","","","","","","","","","","","","","","","","","","","","","","","","","","","","","","","","","","","","","","","936","","","","","1016","","","","","1208","","","","","3408","","2700","","1576","","1040","","","","",
"Brazil","BRA","UHC service coverage index","SH.UHC.SRVS.CV.XD","","","","","","","","","","","","","","","","","","","","","","","","","","","","","","","","","","","","","","","","","1632","","","","","1744","","","","","1808","","","","","4316","","3255","","1896","","1280","","","","",
"Barbados","BRB","UHC service coverage index","SH.UHC.SRVS.CV.XD","","","","","","","","","","","","","","","","","","","","","","","","","","","","","","","","","","","","","","","","","1192","","","","","1696","","","","","1760","","","","","3156","","3181","","1856","","1232","","","","",
"Brunei","BRN","UHC service coverage index","SH.UHC.SRVS.CV.XD","","","","","","","","","","","","","","","","","","","","","","","","","","","","","","","","","","","","","","","","","1224","","","","","1560","","","","","1704","","","","","3195","","3249","","1848","","1248","","","","",
"Bhutan","BTN","UHC service coverage index","SH.UHC.SRVS.CV.XD","","","","","","","","","","","","","","","","","","","","","","","","","","","","","","","","","","","","","","","","","880","","","","","896","","","","","1096","","","","","2307","","2430","","1456","","960","","","","",
"Botswana","BWA","UHC service coverage index","SH.UHC.SRVS.CV.XD","","","","","","","","","","","","","","","","","","","","","","","","","","","","","","","","","","","","","","","","","816","","","","","1136","","","","","1272","","","","","3229","","2397","","1312","","880","","","","",
"Central African Republic","CAF","UHC service coverage index","SH.UHC.SRVS.CV.XD","","","","","","","","","","","","","","","","","","","","","","","","","","","","","","","","","","","","","","","","","408","","","","","464","","","","","632","","","","","1264","","1281","","752","","512","","","","",
"Canada","CAN","UHC service coverage index","SH.UHC.SRVS.CV.XD","","","","","","","","","","","","","","","","","","","","","","","","","","","","","","","","","","","","","","","","","1792","","","","","1912","","","","","2000","","","","","4768","","3665","","2168","","1456","","","","",
"Central Europe and the Baltics","CEB","UHC service coverage index","SH.UHC.SRVS.CV.XD","","","","","","","","","","","","","","","","","","","","","","","","","","","","","","","","","","","","","","","","","","","","","","","","","","","","","","","","2244.16227693337","","1259.57101937149","","","","","","","","",
"Switzerland","CHE","UHC service coverage index","SH.UHC.SRVS.CV.XD","","","","","","","","","","","","","","","","","","","","","","","","","","","","","","","","","","","","","","","","","1816","","","","","1912","","","","","1976","","","","","4530","","3475","","2072","","1376","","","","",
"Channel Islands","CHI","UHC service coverage index","SH.UHC.SRVS.CV.XD","","","","","","","","","","","","","","","","","","","","","","","","","","","","","","","","","","","","","","","","","","","","","","","","","","","","","","","","","","","","","","","","","","",
"Chile","CHL","UHC service coverage index","SH.UHC.SRVS.CV.XD","","","","","","","","","","","","","","","","","","","","","","","","","","","","","","","","","","","","","","","","","1544","","","","","1752","","","","","1816","","","","","3982","","3126","","1952","","1312","","","","",
"China","CHN","UHC service coverage index","SH.UHC.SRVS.CV.XD","","","","","","","","","","","","","","","","","","","","","","","","","","","","","","","","","","","","","","","","","1152","","","","","1384","","","","","1600","","","","","4188","","3247","","1952","","1296","","","","",
"Cote d'Ivoire","CIV","UHC service coverage index","SH.UHC.SRVS.CV.XD","","","","","","","","","","","","","","","","","","","","","","","","","","","","","","","","","","","","","","","","","504","","","","","616","","","","","808","","","","","2430","","1863","","1016","","688","","","","",
"Cameroon","CMR","UHC service coverage index","SH.UHC.SRVS.CV.XD","","","","","","","","","","","","","","","","","","","","","","","","","","","","","","","","","","","","","","","","","512","","","","","688","","","","","800","","","","","2347","","1814","","1040","","704","","","","",
"China and India","CNI","UHC service coverage index","SH.UHC.SRVS.CV.XD","","","","","","","","","","","","","","","","","","","","","","","","","","","","","","","","","","","","","","","","","","","","","","","","","","","","","","","","","","","","","","","","","","",
"Congo, Dem. Rep.","COD","UHC service coverage index","SH.UHC.SRVS.CV.XD","","","","","","","","","","","","","","","","","","","","","","","","","","","","","","","","","","","","","","","","","512","","","","","568","","","","","728","","","","","2095","","1633","","952","","672","","","","",
"Congo","COG","UHC service coverage index","SH.UHC.SRVS.CV.XD","","","","","","","","","","","","","","","","","","","","","","","","","","","","","","","","","","","","","","","","","504","","","","","632","","","","","752","","","","","1608","","1551","","944","","656","","","","",
"Colombia","COL","UHC service coverage index","SH.UHC.SRVS.CV.XD","","","","","","","","","","","","","","","","","","","","","","","","","","","","","","","","","","","","","","","","","1240","","","","","1520","","","","","1640","","","","","4212","","3188","","1904","","1280","","","","",
"Comoros","COM","UHC service coverage index","SH.UHC.SRVS.CV.XD","","","","","","","","","","","","","","","","","","","","","","","","","","","","","","","","","","","","","","","","","624","","","","","760","","","","","928","","","","","1865","","1956","","1088","","768","","","","",
"Cape Verde","CPV","UHC service coverage index","SH.UHC.SRVS.CV.XD","","","","","","","","","","","","","","","","","","","","","","","","","","","","","","","","","","","","","","","","","968","","","","","1296","","","","","1504","","","","","3631","","2837","","1656","","1136","","","","",
"Costa Rica","CRI","UHC service coverage index","SH.UHC.SRVS.CV.XD","","","","","","","","","","","","","","","","","","","","","","","","","","","","","","","","","","","","","","","","","1576","","","","","1672","","","","","1784","","","","","4166","","3221","","1936","","1296","","","","",
"Czechoslovakia","CSK","UHC service coverage index","SH.UHC.SRVS.CV.XD","","","","","","","","","","","","","","","","","","","","","","","","","","","","","","","","","","","","","","","","","","","","","","","","","","","","","","","","","","","","","","","","","","",
"Caribbean small states","CSS","UHC service coverage index","SH.UHC.SRVS.CV.XD","","","","","","","","","","","","","","","","","","","","","","","","","","","","","","","","","","","","","","","","","","","","","","","","","","","","","","","","2073.9544223631","","1178.10174749729","","","","","","","","",
"Cuba","CUB","UHC service coverage index","SH.UHC.SRVS.CV.XD","","","","","","","","","","","","","","","","","","","","","","","","","","","","","","","","","","","","","","","","","1352","","","","","1712","","","","","1864","","","","","3361","","3403","","1968","","1328","","","","",
"Curacao","CUW","UHC service coverage index","SH.UHC.SRVS.CV.XD","","","","","","","","","","","","","","","","","","","","","","","","","","","","","","","","","","","","","","","","","","","","","","","","","","","","","","","","","","","","","","","","","","",
"Cayman Islands","CYM","UHC service coverage index","SH.UHC.SRVS.CV.XD","","","","","","","","","","","","","","","","","","","","","","","","","","","","","","","","","","","","","","","","","","","","","","","","","","","","","","","","","","","","","","","","","","",
"Cyprus","CYP","UHC service coverage index","SH.UHC.SRVS.CV.XD","","","","","","","","","","","","","","","","","","","","","","","","","","","","","","","","","","","","","","","","","1240","","","","","1616","","","","","1696","","","","","4161","","3254","","1928","","1296","","","","",
"Czech Republic","CZE","UHC service coverage index","SH.UHC.SRVS.CV.XD","","","","","","","","","","","","","","","","","","","","","","","","","","","","","","","","","","","","","","","","","1808","","","","","1800","","","","","1864","","","","","4200","","3260","","1952","","1344","","","","",
"Germany","DEU","UHC service coverage index","SH.UHC.SRVS.CV.XD","","","","","","","","","","","","","","","","","","","","","","","","","","","","","","","","","","","","","","","","","1872","","","","","1968","","","","","2016","","","","","4580","","3499","","2096","","1408","","","","",
"Djibouti","DJI","UHC service coverage index","SH.UHC.SRVS.CV.XD","","","","","","","","","","","","","","","","","","","","","","","","","","","","","","","","","","","","","","","","","584","","","","","704","","","","","912","","","","","2414","","1911","","1104","","704","","","","",
"Dominica","DMA","UHC service coverage index","SH.UHC.SRVS.CV.XD","","","","","","","","","","","","","","","","","","","","","","","","","","","","","","","","","","","","","","","","","1112","","","","","1440","","","","","1568","","","","","1648","","1648","","1688","","784","","","","",
"Denmark","DNK","UHC service coverage index","SH.UHC.SRVS.CV.XD","","","","","","","","","","","","","","","","","","","","","","","","","","","","","","","","","","","","","","","","","1768","","","","","1808","","","","","1872","","","","","4458","","3345","","1992","","1312","","","","",
"Dominican Republic","DOM","UHC service coverage index","SH.UHC.SRVS.CV.XD","","","","","","","","","","","","","","","","","","","","","","","","","","","","","","","","","","","","","","","","","1176","","","","","1304","","","","","1600","","","","","3998","","2970","","1728","","1232","","","","",
"Algeria","DZA","UHC service coverage index","SH.UHC.SRVS.CV.XD","","","","","","","","","","","","","","","","","","","","","","","","","","","","","","","","","","","","","","","","","1384","","","","","1496","","","","","1632","","","","","3076","","3110","","1784","","1184","","","","",
"East Asia & Pacific","EAP","UHC service coverage index","SH.UHC.SRVS.CV.XD","","","","","","","","","","","","","","","","","","","","","","","","","","","","","","","","","","","","","","","","","","","","","","","","","","","","","","","","2192.21913863879","","1257.94779635456","","","","","","","","",
"Early-demographic dividend","EAR","UHC service coverage index","SH.UHC.SRVS.CV.XD","","","","","","","","","","","","","","","","","","","","","","","","","","","","","","","","","","","","","","","","","","","","","","","","","","","","","","","","1740.35759701001","","986.418279477278","","","","","","","","",
"East Asia & Pacific (all income levels)","EAS","UHC service coverage index","SH.UHC.SRVS.CV.XD","","","","","","","","","","","","","","","","","","","","","","","","","","","","","","","","","","","","","","","","","1112.21980404944","","","","","1309.59702431205","","","","","1521.68976323125","","","","","3932.62046021572","","3055.23711885546","","1829.57195552503","","1200","","","","",
"Europe & Central Asia","ECA","UHC service coverage index","SH.UHC.SRVS.CV.XD","","","","","","","","","","","","","","","","","","","","","","","","","","","","","","","","","","","","","","","","","","","","","","","","","","","","","","","","2116.99062766665","","1228.03727093804","","","","","","","","",
"Europe & Central Asia (all income levels)","ECS","UHC service coverage index","SH.UHC.SRVS.CV.XD","","","","","","","","","","","","","","","","","","","","","","","","","","","","","","","","","","","","","","","","","1533.87774796884","","","","","1618.38261736858","","","","","1781.63012534369","","","","","4187.282638228","","3217.39510500122","","1929.77249914285","","1296","","","","",
"Ecuador","ECU","UHC service coverage index","SH.UHC.SRVS.CV.XD","","","","","","","","","","","","","","","","","","","","","","","","","","","","","","","","","","","","","","","","","1264","","","","","1424","","","","","1672","","","","","4182","","3181","","1904","","1232","","","","",
"European Community","EEC","UHC service coverage index","SH.UHC.SRVS.CV.XD","","","","","","","","","","","","","","","","","","","","","","","","","","","","","","","","","","","","","","","","","","","","","","","","","","","","","","","","","","","","","","","","","","",
"EASTERN EUROPE","EER","UHC service coverage index","SH.UHC.SRVS.CV.XD","","","","","","","","","","","","","","","","","","","","","","","","","","","","","","","","","","","","","","","","","","","","","","","","","","","","","","","","","","","","","","","","","","",
"Egypt","EGY","UHC service coverage index","SH.UHC.SRVS.CV.XD","","","","","","","","","","","","","","","","","","","","","","","","","","","","","","","","","","","","","","","","","1136","","","","","1200","","","","","1464","","","","","3593","","2780","","1680","","1120","","","","",
"Euro area","EMU","UHC service coverage index","SH.UHC.SRVS.CV.XD","","","","","","","","","","","","","","","","","","","","","","","","","","","","","","","","","","","","","","","","","","","","","","","","","","","","","","","","2469.42180149401","","1379.39624895413","","","","","","","","",
"Eritrea","ERI","UHC service coverage index","SH.UHC.SRVS.CV.XD","","","","","","","","","","","","","","","","","","","","","","","","","","","","","","","","","","","","","","","","","648","","","","","800","","","","","992","","","","","1734","","1766","","1136","","720","","","","",
"Spain","ESP","UHC service coverage index","SH.UHC.SRVS.CV.XD","","","","","","","","","","","","","","","","","","","","","","","","","","","","","","","","","","","","","","","","","1696","","","","","1808","","","","","1904","","","","","4487","","3467","","2048","","1360","","","","",
"Estonia","EST","UHC service coverage index","SH.UHC.SRVS.CV.XD","","","","","","","","","","","","","","","","","","","","","","","","","","","","","","","","","","","","","","","","","1440","","","","","1480","","","","","1720","","","","","4171","","3139","","1888","","1264","","","","",
"Ethiopia","ETH","UHC service coverage index","SH.UHC.SRVS.CV.XD","","","","","","","","","","","","","","","","","","","","","","","","","","","","","","","","","","","","","","","","","336","","","","","432","","","","","680","","","","","2049","","1519","","880","","560","","","","",
"European Union","EUU","UHC service coverage index","SH.UHC.SRVS.CV.XD","","","","","","","","","","","","","","","","","","","","","","","","","","","","","","","","","","","","","","","","","","","","","","","","","","","","","","","","2440.79267389428","","1359.38259223686","","","","","","","","",
"Fragile and conflict affected situations","FCS","UHC service coverage index","SH.UHC.SRVS.CV.XD","","","","","","","","","","","","","","","","","","","","","","","","","","","","","","","","","","","","","","","","","","","","","","","","","","","","","","","","1381.78742077772","","775.884663659111","","","","","","","","",
"Finland","FIN","UHC service coverage index","SH.UHC.SRVS.CV.XD","","","","","","","","","","","","","","","","","","","","","","","","","","","","","","","","","","","","","","","","","1800","","","","","1936","","","","","2000","","","","","4497","","3350","","2024","","1376","","","","",
"Fiji","FJI","UHC service coverage index","SH.UHC.SRVS.CV.XD","","","","","","","","","","","","","","","","","","","","","","","","","","","","","","","","","","","","","","","","","1032","","","","","1224","","","","","1280","","","","","3436","","2504","","1432","","928","","","","",
"France","FRA","UHC service coverage index","SH.UHC.SRVS.CV.XD","","","","","","","","","","","","","","","","","","","","","","","","","","","","","","","","","","","","","","","","","1912","","","","","1952","","","","","1976","","","","","3334","","3358","","2016","","1360","","","","",
"Faeroe Islands","FRO","UHC service coverage index","SH.UHC.SRVS.CV.XD","","","","","","","","","","","","","","","","","","","","","","","","","","","","","","","","","","","","","","","","","","","","","","","","","","","","","","","","","","","","","","","","","","",
"Micronesia","FSM","UHC service coverage index","SH.UHC.SRVS.CV.XD","","","","","","","","","","","","","","","","","","","","","","","","","","","","","","","","","","","","","","","","","904","","","","","968","","","","","1144","","","","","1852","","1959","","1120","","768","","","","",
"Gabon","GAB","UHC service coverage index","SH.UHC.SRVS.CV.XD","","","","","","","","","","","","","","","","","","","","","","","","","","","","","","","","","","","","","","","","","688","","","","","904","","","","","1088","","","","","2803","","2057","","1176","","784","","","","",
"United Kingdom","GBR","UHC service coverage index","SH.UHC.SRVS.CV.XD","","","","","","","","","","","","","","","","","","","","","","","","","","","","","","","","","","","","","","","","","1744","","","","","1904","","","","","2000","","","","","4621","","3551","","2096","","1408","","","","",
"Georgia","GEO","UHC service coverage index","SH.UHC.SRVS.CV.XD","","","","","","","","","","","","","","","","","","","","","","","","","","","","","","","","","","","","","","","","","1112","","","","","1432","","","","","1608","","","","","3702","","2762","","1624","","1088","","","","",
"Ghana","GHA","UHC service coverage index","SH.UHC.SRVS.CV.XD","","","","","","","","","","","","","","","","","","","","","","","","","","","","","","","","","","","","","","","","","576","","","","","616","","","","","832","","","","","2444","","1855","","1096","","768","","","","",
"Gibraltar","GIB","UHC service coverage index","SH.UHC.SRVS.CV.XD","","","","","","","","","","","","","","","","","","","","","","","","","","","","","","","","","","","","","","","","","","","","","","","","","","","","","","","","","","","","","","","","","","",
"Guinea","GIN","UHC service coverage index","SH.UHC.SRVS.CV.XD","","","","","","","","","","","","","","","","","","","","","","","","","","","","","","","","","","","","","","","","","384","","","","","480","","","","","648","","","","","1860","","1485","","920","","640","","","","",
"Guadeloupe","GLP","UHC service coverage index","SH.UHC.SRVS.CV.XD","","","","","","","","","","","","","","","","","","","","","","","","","","","","","","","","","","","","","","","","","","","","","","","","","","","","","","","","","","","","","","","","","","",
"Gambia, The","GMB","UHC service coverage index","SH.UHC.SRVS.CV.XD","","","","","","","","","","","","","","","","","","","","","","","","","","","","","","","","","","","","","","","","","712","","","","","872","","","","","984","","","","","1813","","1820","","1120","","736","","","","",
"Guinea-Bissau","GNB","UHC service coverage index","SH.UHC.SRVS.CV.XD","","","","","","","","","","","","","","","","","","","","","","","","","","","","","","","","","","","","","","","","","440","","","","","544","","","","","704","","","","","1576","","1592","","872","","592","","","","",
"Equatorial Guinea","GNQ","UHC service coverage index","SH.UHC.SRVS.CV.XD","","","","","","","","","","","","","","","","","","","","","","","","","","","","","","","","","","","","","","","","","536","","","","","608","","","","","760","","","","","1656","","1813","","1048","","736","","","","",
"Greece","GRC","UHC service coverage index","SH.UHC.SRVS.CV.XD","","","","","","","","","","","","","","","","","","","","","","","","","","","","","","","","","","","","","","","","","1632","","","","","1728","","","","","1776","","","","","4086","","3155","","1888","","1232","","","","",
"Grenada","GRD","UHC service coverage index","SH.UHC.SRVS.CV.XD","","","","","","","","","","","","","","","","","","","","","","","","","","","","","","","","","","","","","","","","","1128","","","","","1480","","","","","1608","","","","","2845","","2944","","1744","","1120","","","","",
"Greenland","GRL","UHC service coverage index","SH.UHC.SRVS.CV.XD","","","","","","","","","","","","","","","","","","","","","","","","","","","","","","","","","","","","","","","","","","","","","","","","","","","","","","","","","","","","","","","","","","",
"Guatemala","GTM","UHC service coverage index","SH.UHC.SRVS.CV.XD","","","","","","","","","","","","","","","","","","","","","","","","","","","","","","","","","","","","","","","","","992","","","","","1224","","","","","1400","","","","","3183","","2311","","1432","","944","","","","",
"French Guiana","GUF","UHC service coverage index","SH.UHC.SRVS.CV.XD","","","","","","","","","","","","","","","","","","","","","","","","","","","","","","","","","","","","","","","","","","","","","","","","","","","","","","","","","","","","","","","","","","",
"Guam","GUM","UHC service coverage index","SH.UHC.SRVS.CV.XD","","","","","","","","","","","","","","","","","","","","","","","","","","","","","","","","","","","","","","","","","","","","","","","","","","","","","","","","","","","","","","","","","","",
"Guyana","GUY","UHC service coverage index","SH.UHC.SRVS.CV.XD","","","","","","","","","","","","","","","","","","","","","","","","","","","","","","","","","","","","","","","","","1112","","","","","1448","","","","","1592","","","","","2966","","3040","","1824","","1216","","","","",
"High income","HIC","UHC service coverage index","SH.UHC.SRVS.CV.XD","","","","","","","","","","","","","","","","","","","","","","","","","","","","","","","","","","","","","","","","","1792","","","","","1888","","","","","1936","","","","","4497.15116412935","","3397.73239027186","","2024","","1360","","","","",
"Hong Kong SAR, China","HKG","UHC service coverage index","SH.UHC.SRVS.CV.XD","","","","","","","","","","","","","","","","","","","","","","","","","","","","","","","","","","","","","","","","","","","","","","","","","","","","","","","","","","","","","","","","","","",
"Honduras","HND","UHC service coverage index","SH.UHC.SRVS.CV.XD","","","","","","","","","","","","","","","","","","","","","","","","","","","","","","","","","","","","","","","","","1008","","","","","1248","","","","","1384","","","","","3538","","2625","","1560","","1024","","","","",
"Heavily indebted poor countries (HIPC)","HPC","UHC service coverage index","SH.UHC.SRVS.CV.XD","","","","","","","","","","","","","","","","","","","","","","","","","","","","","","","","","","","","","","","","","","","","","","","","","","","","","","","","1259.94295268663","","719.264278501664","","","","","","","","",
"Croatia","HRV","UHC service coverage index","SH.UHC.SRVS.CV.XD","","","","","","","","","","","","","","","","","","","","","","","","","","","","","","","","","","","","","","","","","1672","","","","","1736","","","","","1792","","","","","3802","","3047","","1864","","1280","","","","",
"Haiti","HTI","UHC service coverage index","SH.UHC.SRVS.CV.XD","","","","","","","","","","","","","","","","","","","","","","","","","","","","","","","","","","","","","","","","","616","","","","","792","","","","","1008","","","","","1967","","2049","","1224","","864","","","","",
"Hungary","HUN","UHC service coverage index","SH.UHC.SRVS.CV.XD","","","","","","","","","","","","","","","","","","","","","","","","","","","","","","","","","","","","","","","","","1656","","","","","1688","","","","","1704","","","","","4029","","3090","","1848","","1264","","","","",
"IBRD only","IBD","UHC service coverage index","SH.UHC.SRVS.CV.XD","","","","","","","","","","","","","","","","","","","","","","","","","","","","","","","","","","","","","","","","","","","","","","","","","","","","","","","","2049.86711378854","","1163.70808768276","","","","","","","","",
"IDA & IBRD total","IBT","UHC service coverage index","SH.UHC.SRVS.CV.XD","","","","","","","","","","","","","","","","","","","","","","","","","","","","","","","","","","","","","","","","","","","","","","","","","","","","","","","","1878.43508152455","","1065.34185548126","","","","","","","","",
"IDA total","IDA","UHC service coverage index","SH.UHC.SRVS.CV.XD","","","","","","","","","","","","","","","","","","","","","","","","","","","","","","","","","","","","","","","","","","","","","","","","","","","","","","","","1357.92038003876","","773.752899738936","","","","","","","","",
"IDA blend","IDB","UHC service coverage index","SH.UHC.SRVS.CV.XD","","","","","","","","","","","","","","","","","","","","","","","","","","","","","","","","","","","","","","","","","","","","","","","","","","","","","","","","1391.32337866635","","796.676951266503","","","","","","","","",
"Indonesia","IDN","UHC service coverage index","SH.UHC.SRVS.CV.XD","","","","","","","","","","","","","","","","","","","","","","","","","","","","","","","","","","","","","","","","","640","","","","","808","","","","","1032","","","","","2795","","2273","","1368","","880","","","","",
"IDA only","IDX","UHC service coverage index","SH.UHC.SRVS.CV.XD","","","","","","","","","","","","","","","","","","","","","","","","","","","","","","","","","","","","","","","","","","","","","","","","","","","","","","","","1341.02529451236","","762.082968503983","","","","","","","","",
"Isle of Man","IMN","UHC service coverage index","SH.UHC.SRVS.CV.XD","","","","","","","","","","","","","","","","","","","","","","","","","","","","","","","","","","","","","","","","","","","","","","","","","","","","","","","","","","","","","","","","","","",
"Isle of Man","IMN","UHC service coverage index","SH.UHC.SRVS.CV.XD","","","","","","","","","","","","","","","","","","","","","","","","","","","","","","","","","","","","","","","","","","","","","","","","","","","","","","","","","","","","","","","","","","",
"India","IND","UHC service coverage index","SH.UHC.SRVS.CV.XD","","","","","","","","","","","","","","","","","","","","","","","","","","","","","","","","","","","","","","","","","728","","","","","808","","","","","1168","","","","","3020","","2351","","1512","","1008","","","","",
"Ireland","IRL","UHC service coverage index","SH.UHC.SRVS.CV.XD","","","","","","","","","","","","","","","","","","","","","","","","","","","","","","","","","","","","","","","","","1752","","","","","1840","","","","","1864","","","","","4403","","3260","","1976","","1328","","","","",
"Iran","IRN","UHC service coverage index","SH.UHC.SRVS.CV.XD","","","","","","","","","","","","","","","","","","","","","","","","","","","","","","","","","","","","","","","","","1096","","","","","1192","","","","","1320","","","","","3740","","2968","","1816","","1184","","","","",
"Iraq","IRQ","UHC service coverage index","SH.UHC.SRVS.CV.XD","","","","","","","","","","","","","","","","","","","","","","","","","","","","","","","","","","","","","","","","","1176","","","","","1216","","","","","1224","","","","","2325","","2373","","1368","","944","","","","",
"Severely Indebted","ISD","UHC service coverage index","SH.UHC.SRVS.CV.XD","","","","","","","","","","","","","","","","","","","","","","","","","","","","","","","","","","","","","","","","","","","","","","","","","","","","","","","","","","","","","","","","","","",
"Iceland","ISL","UHC service coverage index","SH.UHC.SRVS.CV.XD","","","","","","","","","","","","","","","","","","","","","","","","","","","","","","","","","","","","","","","","","1864","","","","","1976","","","","","2024","","","","","4637","","3508","","2120","","1424","","","","",
"Israel","ISR","UHC service coverage index","SH.UHC.SRVS.CV.XD","","","","","","","","","","","","","","","","","","","","","","","","","","","","","","","","","","","","","","","","","1768","","","","","1856","","","","","1920","","","","","4473","","3410","","2032","","1360","","","","",
"Italy","ITA","UHC service coverage index","SH.UHC.SRVS.CV.XD","","","","","","","","","","","","","","","","","","","","","","","","","","","","","","","","","","","","","","","","","1680","","","","","1824","","","","","1912","","","","","4473","","3394","","2024","","1344","","","","",
"Jamaica","JAM","UHC service coverage index","SH.UHC.SRVS.CV.XD","","","","","","","","","","","","","","","","","","","","","","","","","","","","","","","","","","","","","","","","","1064","","","","","1432","","","","","1584","","","","","3622","","2857","","1792","","1184","","","","",
"Jordan","JOR","UHC service coverage index","SH.UHC.SRVS.CV.XD","","","","","","","","","","","","","","","","","","","","","","","","","","","","","","","","","","","","","","","","","1496","","","","","1560","","","","","1640","","","","","3872","","2900","","1552","","1040","","","","",
"Japan","JPN","UHC service coverage index","SH.UHC.SRVS.CV.XD","","","","","","","","","","","","","","","","","","","","","","","","","","","","","","","","","","","","","","","","","1680","","","","","1832","","","","","1920","","","","","4472","","3427","","2008","","1328","","","","",
"Kazakhstan","KAZ","UHC service coverage index","SH.UHC.SRVS.CV.XD","","","","","","","","","","","","","","","","","","","","","","","","","","","","","","","","","","","","","","","","","1208","","","","","1480","","","","","1632","","","","","4052","","3140","","1920","","1280","","","","",
"Kenya","KEN","UHC service coverage index","SH.UHC.SRVS.CV.XD","","","","","","","","","","","","","","","","","","","","","","","","","","","","","","","","","","","","","","","","","688","","","","","840","","","","","1080","","","","","2932","","2199","","1264","","848","","","","",
"Kyrgyz Republic","KGZ","UHC service coverage index","SH.UHC.SRVS.CV.XD","","","","","","","","","","","","","","","","","","","","","","","","","","","","","","","","","","","","","","","","","1232","","","","","1336","","","","","1432","","","","","3736","","2894","","1696","","1104","","","","",
"Cambodia","KHM","UHC service coverage index","SH.UHC.SRVS.CV.XD","","","","","","","","","","","","","","","","","","","","","","","","","","","","","","","","","","","","","","","","","536","","","","","920","","","","","1224","","","","","3065","","2460","","1416","","928","","","","",
"Kiribati","KIR","UHC service coverage index","SH.UHC.SRVS.CV.XD","","","","","","","","","","","","","","","","","","","","","","","","","","","","","","","","","","","","","","","","","688","","","","","792","","","","","1008","","","","","1767","","1849","","1176","","768","","","","",
"St. Kitts and Nevis","KNA","UHC service coverage index","SH.UHC.SRVS.CV.XD","","","","","","","","","","","","","","","","","","","","","","","","","","","","","","","","","","","","","","","","","1184","","","","","1560","","","","","1696","","","","","1776","","1784","","1808","","1264","","","","",
"Korea","KOR","UHC service coverage index","SH.UHC.SRVS.CV.XD","","","","","","","","","","","","","","","","","","","","","","","","","","","","","","","","","","","","","","","","","1768","","","","","1880","","","","","1976","","","","","4621","","3558","","2120","","1424","","","","",
"Kosovo","XKX","UHC service coverage index","SH.UHC.SRVS.CV.XD","","","","","","","","","","","","","","","","","","","","","","","","","","","","","","","","","","","","","","","","","","","","","","","","","","","","","","","","","","","","","","","","","","",
"Kuwait","KWT","UHC service coverage index","SH.UHC.SRVS.CV.XD","","","","","","","","","","","","","","","","","","","","","","","","","","","","","","","","","","","","","","","","","1720","","","","","1760","","","","","1712","","","","","3043","","3084","","1792","","1248","","","","",
"Latin America & Caribbean","LAC","UHC service coverage index","SH.UHC.SRVS.CV.XD","","","","","","","","","","","","","","","","","","","","","","","","","","","","","","","","","","","","","","","","","","","","","","","","","","","","","","","","2317.53607743861","","1284.73081624328","","","","","","","","",
"Lao PDR","LAO","UHC service coverage index","SH.UHC.SRVS.CV.XD","","","","","","","","","","","","","","","","","","","","","","","","","","","","","","","","","","","","","","","","","608","","","","","800","","","","","952","","","","","2617","","2067","","1216","","832","","","","",
"Lebanon","LBN","UHC service coverage index","SH.UHC.SRVS.CV.XD","","","","","","","","","","","","","","","","","","","","","","","","","","","","","","","","","","","","","","","","","1296","","","","","1504","","","","","1600","","","","","3839","","2961","","1760","","1168","","","","",
"Liberia","LBR","UHC service coverage index","SH.UHC.SRVS.CV.XD","","","","","","","","","","","","","","","","","","","","","","","","","","","","","","","","","","","","","","","","","496","","","","","560","","","","","808","","","","","2001","","1615","","1024","","720","","","","",
"Libya","LBY","UHC service coverage index","SH.UHC.SRVS.CV.XD","","","","","","","","","","","","","","","","","","","","","","","","","","","","","","","","","","","","","","","","","1304","","","","","1384","","","","","1456","","","","","2486","","2624","","1504","","992","","","","",
"St. Lucia","LCA","UHC service coverage index","SH.UHC.SRVS.CV.XD","","","","","","","","","","","","","","","","","","","","","","","","","","","","","","","","","","","","","","","","","1120","","","","","1504","","","","","1640","","","","","2874","","2900","","1808","","1232","","","","",
"Latin America & Caribbean (all income levels)","LCN","UHC service coverage index","SH.UHC.SRVS.CV.XD","","","","","","","","","","","","","","","","","","","","","","","","","","","","","","","","","","","","","","","","","1398.7648949252","","","","","1566.16618309353","","","","","1681.12103720149","","","","","4126.53735048535","","3097.9504073777","","1820.66981075388","","1216","","","","",
"Least developed countries: UN classification","LDC","UHC service coverage index","SH.UHC.SRVS.CV.XD","","","","","","","","","","","","","","","","","","","","","","","","","","","","","","","","","","","","","","","","","","","","","","","","","","","","","","","","1298.40407408777","","740.091162506833","","","","","","","","",
"Low income","LIC","UHC service coverage index","SH.UHC.SRVS.CV.XD","","","","","","","","","","","","","","","","","","","","","","","","","","","","","","","","","","","","","","","","","672","","","","","752","","","","","856","","","","","2155.94329241454","","1706.40972001888","","1008","","672","","","","",
"Liechtenstein","LIE","UHC service coverage index","SH.UHC.SRVS.CV.XD","","","","","","","","","","","","","","","","","","","","","","","","","","","","","","","","","","","","","","","","","","","","","","","","","","","","","","","","","","","","","","","","","","",
"Other low-income","LIO","UHC service coverage index","SH.UHC.SRVS.CV.XD","","","","","","","","","","","","","","","","","","","","","","","","","","","","","","","","","","","","","","","","","","","","","","","","","","","","","","","","","","","","","","","","","","",
"Low income, excluding China and India","LIX","UHC service coverage index","SH.UHC.SRVS.CV.XD","","","","","","","","","","","","","","","","","","","","","","","","","","","","","","","","","","","","","","","","","","","","","","","","","","","","","","","","","","","","","","","","","","",
"Sri Lanka","LKA","UHC service coverage index","SH.UHC.SRVS.CV.XD","","","","","","","","","","","","","","","","","","","","","","","","","","","","","","","","","","","","","","","","","1064","","","","","1152","","","","","1320","","","","","3395","","2674","","1592","","1072","","","","",
"Lower middle income","LMC","UHC service coverage index","SH.UHC.SRVS.CV.XD","","","","","","","","","","","","","","","","","","","","","","","","","","","","","","","","","","","","","","","","","1160","","","","","1304","","","","","1128","","","","","2923.16788124832","","2270.17970997689","","1408","","928","","","","",
"Low & middle income","LMY","UHC service coverage index","SH.UHC.SRVS.CV.XD","","","","","","","","","","","","","","","","","","","","","","","","","","","","","","","","","","","","","","","","","","","","","","","","","","","","","","","","1875.04070882225","","1063.97640468283","","","","","","","","",
"Low-income Africa","LSA","UHC service coverage index","SH.UHC.SRVS.CV.XD","","","","","","","","","","","","","","","","","","","","","","","","","","","","","","","","","","","","","","","","","","","","","","","","","","","","","","","","","","","","","","","","","","",
"Lesotho","LSO","UHC service coverage index","SH.UHC.SRVS.CV.XD","","","","","","","","","","","","","","","","","","","","","","","","","","","","","","","","","","","","","","","","","648","","","","","792","","","","","1064","","","","","2661","","2096","","1232","","848","","","","",
"Late-demographic dividend","LTE","UHC service coverage index","SH.UHC.SRVS.CV.XD","","","","","","","","","","","","","","","","","","","","","","","","","","","","","","","","","","","","","","","","","","","","","","","","","","","","","","","","2310.32239657301","","1316.26018809733","","","","","","","","",
"Lithuania","LTU","UHC service coverage index","SH.UHC.SRVS.CV.XD","","","","","","","","","","","","","","","","","","","","","","","","","","","","","","","","","","","","","","","","","1192","","","","","1336","","","","","1472","","","","","3768","","2929","","1760","","1200","","","","",
"Luxembourg","LUX","UHC service coverage index","SH.UHC.SRVS.CV.XD","","","","","","","","","","","","","","","","","","","","","","","","","","","","","","","","","","","","","","","","","1800","","","","","1832","","","","","1872","","","","","4522","","3443","","2064","","1328","","","","",
"Latvia","LVA","UHC service coverage index","SH.UHC.SRVS.CV.XD","","","","","","","","","","","","","","","","","","","","","","","","","","","","","","","","","","","","","","","","","1240","","","","","1376","","","","","1544","","","","","3683","","2967","","1792","","1200","","","","",
"Macao SAR, China","MAC","UHC service coverage index","SH.UHC.SRVS.CV.XD","","","","","","","","","","","","","","","","","","","","","","","","","","","","","","","","","","","","","","","","","","","","","","","","","","","","","","","","","","","","","","","","","","",
"St. Martin (French part)","MAF","UHC service coverage index","SH.UHC.SRVS.CV.XD","","","","","","","","","","","","","","","","","","","","","","","","","","","","","","","","","","","","","","","","","","","","","","","","","","","","","","","","","","","","","","","","","","",
"Morocco","MAR","UHC service coverage index","SH.UHC.SRVS.CV.XD","","","","","","","","","","","","","","","","","","","","","","","","","","","","","","","","","","","","","","","","","1016","","","","","1256","","","","","1432","","","","","3683","","2862","","1672","","1104","","","","",
"Monaco","MCO","UHC service coverage index","SH.UHC.SRVS.CV.XD","","","","","","","","","","","","","","","","","","","","","","","","","","","","","","","","","","","","","","","","","1768","","","","","1880","","","","","1928","","","","","2008","","2032","","2056","","1376","","","","",
"Moldova","MDA","UHC service coverage index","SH.UHC.SRVS.CV.XD","","","","","","","","","","","","","","","","","","","","","","","","","","","","","","","","","","","","","","","","","1208","","","","","1256","","","","","1472","","","","","3698","","2837","","1688","","1136","","","","",
"Madagascar","MDG","UHC service coverage index","SH.UHC.SRVS.CV.XD","","","","","","","","","","","","","","","","","","","","","","","","","","","","","","","","","","","","","","","","","424","","","","","520","","","","","624","","","","","1540","","1204","","808","","560","","","","",
"Maldives","MDV","UHC service coverage index","SH.UHC.SRVS.CV.XD","","","","","","","","","","","","","","","","","","","","","","","","","","","","","","","","","","","","","","","","","1024","","","","","1112","","","","","1424","","","","","3341","","2758","","1640","","976","","","","",
"Middle East & North Africa (all income levels)","MEA","UHC service coverage index","SH.UHC.SRVS.CV.XD","","","","","","","","","","","","","","","","","","","","","","","","","","","","","","","","","","","","","","","","","1173.06254874188","","","","","1286.64721987981","","","","","1438.39064642787","","","","","3606.10335599563","","2769.42296327661","","1637.8353029656","","1104","","","","",
"Mexico","MEX","UHC service coverage index","SH.UHC.SRVS.CV.XD","","","","","","","","","","","","","","","","","","","","","","","","","","","","","","","","","","","","","","","","","1376","","","","","1496","","","","","1616","","","","","4124","","3060","","1776","","1200","","","","",
"Marshall Islands","MHL","UHC service coverage index","SH.UHC.SRVS.CV.XD","","","","","","","","","","","","","","","","","","","","","","","","","","","","","","","","","","","","","","","","","1008","","","","","1096","","","","","1360","","","","","1440","","1464","","1472","","944","","","","",
"Middle income","MIC","UHC service coverage index","SH.UHC.SRVS.CV.XD","","","","","","","","","","","","","","","","","","","","","","","","","","","","","","","","","","","","","","","","","","","","","","","","","","","","","","","","1947.22833095359","","1104.07938452903","","","","","","","","",
"North Macedonia","MKD","UHC service coverage index","SH.UHC.SRVS.CV.XD","","","","","","","","","","","","","","","","","","","","","","","","","","","","","","","","","","","","","","","","","1384","","","","","1384","","","","","1520","","","","","3866","","2944","","1728","","1184","","","","",
"Mali","MLI","UHC service coverage index","SH.UHC.SRVS.CV.XD","","","","","","","","","","","","","","","","","","","","","","","","","","","","","","","","","","","","","","","","","488","","","","","584","","","","","848","","","","","1923","","1566","","976","","656","","","","",
"Malta","MLT","UHC service coverage index","SH.UHC.SRVS.CV.XD","","","","","","","","","","","","","","","","","","","","","","","","","","","","","","","","","","","","","","","","","1776","","","","","1808","","","","","1856","","","","","4475","","3394","","1976","","1360","","","","",
"Myanmar","MMR","UHC service coverage index","SH.UHC.SRVS.CV.XD","","","","","","","","","","","","","","","","","","","","","","","","","","","","","","","","","","","","","","","","","616","","","","","784","","","","","1080","","","","","2283","","2349","","1448","","832","","","","",
"Middle East & North Africa","MNA","UHC service coverage index","SH.UHC.SRVS.CV.XD","","","","","","","","","","","","","","","","","","","","","","","","","","","","","","","","","","","","","","","","","","","","","","","","","","","","","","","","2020.90436993284","","1145.65739923761","","","","","","","","",
"Montenegro","MNE","UHC service coverage index","SH.UHC.SRVS.CV.XD","","","","","","","","","","","","","","","","","","","","","","","","","","","","","","","","","","","","","","","","","1416","","","","","1512","","","","","1576","","","","","3511","","2812","","1688","","1152","","","","",
"Mongolia","MNG","UHC service coverage index","SH.UHC.SRVS.CV.XD","","","","","","","","","","","","","","","","","","","","","","","","","","","","","","","","","","","","","","","","","1088","","","","","1128","","","","","1376","","","","","3488","","2630","","1576","","1040","","","","",
"Northern Mariana Islands","MNP","UHC service coverage index","SH.UHC.SRVS.CV.XD","","","","","","","","","","","","","","","","","","","","","","","","","","","","","","","","","","","","","","","","","","","","","","","","","","","","","","","","","","","","","","","","","","",
"Mozambique","MOZ","UHC service coverage index","SH.UHC.SRVS.CV.XD","","","","","","","","","","","","","","","","","","","","","","","","","","","","","","","","","","","","","","","","","504","","","","","584","","","","","776","","","","","2303","","1838","","1064","","704","","","","",
"Mauritania","MRT","UHC service coverage index","SH.UHC.SRVS.CV.XD","","","","","","","","","","","","","","","","","","","","","","","","","","","","","","","","","","","","","","","","","480","","","","","608","","","","","776","","","","","1874","","1649","","896","","640","","","","",
"Martinique","MTQ","UHC service coverage index","SH.UHC.SRVS.CV.XD","","","","","","","","","","","","","","","","","","","","","","","","","","","","","","","","","","","","","","","","","","","","","","","","","","","","","","","","","","","","","","","","","","",
"Mauritius","MUS","UHC service coverage index","SH.UHC.SRVS.CV.XD","","","","","","","","","","","","","","","","","","","","","","","","","","","","","","","","","","","","","","","","","1128","","","","","1264","","","","","1400","","","","","3526","","2671","","1608","","1056","","","","",
"Malawi","MWI","UHC service coverage index","SH.UHC.SRVS.CV.XD","","","","","","","","","","","","","","","","","","","","","","","","","","","","","","","","","","","","","","","","","552","","","","","696","","","","","928","","","","","2363","","1926","","1152","","768","","","","",
"Malaysia","MYS","UHC service coverage index","SH.UHC.SRVS.CV.XD","","","","","","","","","","","","","","","","","","","","","","","","","","","","","","","","","","","","","","","","","1216","","","","","1536","","","","","1648","","","","","3971","","3073","","1856","","1216","","","","",
"Mayotte","MYT","UHC service coverage index","SH.UHC.SRVS.CV.XD","","","","","","","","","","","","","","","","","","","","","","","","","","","","","","","","","","","","","","","","","","","","","","","","","","","","","","","","","","","","","","","","","","",
"North America","NAC","UHC service coverage index","SH.UHC.SRVS.CV.XD","","","","","","","","","","","","","","","","","","","","","","","","","","","","","","","","","","","","","","","","","1856","","","","","1929.57401602986","","","","","1971.16939972557","","","","","4600.14138392401","","3474.2489487782","","2044.93200537318","","1376","","","","",
"Namibia","NAM","UHC service coverage index","SH.UHC.SRVS.CV.XD","","","","","","","","","","","","","","","","","","","","","","","","","","","","","","","","","","","","","","","","","928","","","","","1160","","","","","1344","","","","","2517","","2534","","1488","","1008","","","","",
"New Caledonia","NCL","UHC service coverage index","SH.UHC.SRVS.CV.XD","","","","","","","","","","","","","","","","","","","","","","","","","","","","","","","","","","","","","","","","","","","","","","","","","","","","","","","","","","","","","","","","","","",
"Niger","NER","UHC service coverage index","SH.UHC.SRVS.CV.XD","","","","","","","","","","","","","","","","","","","","","","","","","","","","","","","","","","","","","","","","","376","","","","","472","","","","","736","","","","","1841","","1429","","840","","560","","","","",
"Nigeria","NGA","UHC service coverage index","SH.UHC.SRVS.CV.XD","","","","","","","","","","","","","","","","","","","","","","","","","","","","","","","","","","","","","","","","","480","","","","","608","","","","","848","","","","","2204","","1666","","1040","","608","","","","",
"Nicaragua","NIC","UHC service coverage index","SH.UHC.SRVS.CV.XD","","","","","","","","","","","","","","","","","","","","","","","","","","","","","","","","","","","","","","","","","1128","","","","","1264","","","","","1560","","","","","3867","","2953","","1728","","1120","","","","",
"Netherlands","NLD","UHC service coverage index","SH.UHC.SRVS.CV.XD","","","","","","","","","","","","","","","","","","","","","","","","","","","","","","","","","","","","","","","","","1832","","","","","1888","","","","","1936","","","","","3469","","3502","","2048","","1360","","","","",
"High income: nonOECD","NOC","UHC service coverage index","SH.UHC.SRVS.CV.XD","","","","","","","","","","","","","","","","","","","","","","","","","","","","","","","","","","","","","","","","","","","","","","","","","","","","","","","","","","","","","","","","","","",
"Norway","NOR","UHC service coverage index","SH.UHC.SRVS.CV.XD","","","","","","","","","","","","","","","","","","","","","","","","","","","","","","","","","","","","","","","","","1744","","","","","1936","","","","","2000","","","","","4630","","3535","","2064","","1392","","","","",
"Nepal","NPL","UHC service coverage index","SH.UHC.SRVS.CV.XD","","","","","","","","","","","","","","","","","","","","","","","","","","","","","","","","","","","","","","","","","480","","","","","592","","","","","888","","","","","2623","","1920","","1224","","864","","","","",
"Nauru","NRU","UHC service coverage index","SH.UHC.SRVS.CV.XD","","","","","","","","","","","","","","","","","","","","","","","","","","","","","","","","","","","","","","","","","816","","","","","936","","","","","1208","","","","","1320","","1360","","1392","","960","","","","",
"New Zealand","NZL","UHC service coverage index","SH.UHC.SRVS.CV.XD","","","","","","","","","","","","","","","","","","","","","","","","","","","","","","","","","","","","","","","","","1816","","","","","1928","","","","","1968","","","","","3477","","3535","","2048","","1360","","","","",
"High income: OECD","OEC","UHC service coverage index","SH.UHC.SRVS.CV.XD","","","","","","","","","","","","","","","","","","","","","","","","","","","","","","","","","","","","","","","","","","","","","","","","","","","","","","","","","","","","","","","","","","",
"OECD members","OED","UHC service coverage index","SH.UHC.SRVS.CV.XD","","","","","","","","","","","","","","","","","","","","","","","","","","","","","","","","","","","","","","","","","","","","","","","","","","","","","","","","2480.83912910056","","1384.56447403656","","","","","","","","",
"Oman","OMN","UHC service coverage index","SH.UHC.SRVS.CV.XD","","","","","","","","","","","","","","","","","","","","","","","","","","","","","","","","","","","","","","","","","1480","","","","","1504","","","","","1600","","","","","3855","","2829","","1672","","1120","","","","",
"Other small states","OSS","UHC service coverage index","SH.UHC.SRVS.CV.XD","","","","","","","","","","","","","","","","","","","","","","","","","","","","","","","","","","","","","","","","","","","","","","","","","","","","","","","","1805.8890788972","","1005.70986481137","","","","","","","","",
"Pakistan","PAK","UHC service coverage index","SH.UHC.SRVS.CV.XD","","","","","","","","","","","","","","","","","","","","","","","","","","","","","","","","","","","","","","","","","536","","","","","704","","","","","816","","","","","2242","","1797","","1064","","720","","","","",
"Panama","PAN","UHC service coverage index","SH.UHC.SRVS.CV.XD","","","","","","","","","","","","","","","","","","","","","","","","","","","","","","","","","","","","","","","","","1504","","","","","1616","","","","","1728","","","","","4126","","3183","","1880","","1248","","","","",
"Peru","PER","UHC service coverage index","SH.UHC.SRVS.CV.XD","","","","","","","","","","","","","","","","","","","","","","","","","","","","","","","","","","","","","","","","","1088","","","","","1424","","","","","1696","","","","","4225","","3125","","1824","","1136","","","","",
"Philippines","PHL","UHC service coverage index","SH.UHC.SRVS.CV.XD","","","","","","","","","","","","","","","","","","","","","","","","","","","","","","","","","","","","","","","","","856","","","","","904","","","","","1112","","","","","3085","","2421","","1400","","928","","","","",
"Palau","PLW","UHC service coverage index","SH.UHC.SRVS.CV.XD","","","","","","","","","","","","","","","","","","","","","","","","","","","","","","","","","","","","","","","","","1104","","","","","1144","","","","","1344","","","","","1488","","1536","","1528","","1040","","","","",
"Papua New Guinea","PNG","UHC service coverage index","SH.UHC.SRVS.CV.XD","","","","","","","","","","","","","","","","","","","","","","","","","","","","","","","","","","","","","","","","","616","","","","","648","","","","","816","","","","","1577","","1496","","744","","480","","","","",
"Poland","POL","UHC service coverage index","SH.UHC.SRVS.CV.XD","","","","","","","","","","","","","","","","","","","","","","","","","","","","","","","","","","","","","","","","","1560","","","","","1680","","","","","1760","","","","","4172","","3179","","1904","","1312","","","","",
"Pre-demographic dividend","PRE","UHC service coverage index","SH.UHC.SRVS.CV.XD","","","","","","","","","","","","","","","","","","","","","","","","","","","","","","","","","","","","","","","","","","","","","","","","","","","","","","","","1274.73013454389","","725.844845340046","","","","","","","","",
"Puerto Rico","PRI","UHC service coverage index","SH.UHC.SRVS.CV.XD","","","","","","","","","","","","","","","","","","","","","","","","","","","","","","","","","","","","","","","","","","","","","","","","","","","","","","","","","","","","","","","","","","",
"Dem. People's Rep. Korea","PRK","UHC service coverage index","SH.UHC.SRVS.CV.XD","","","","","","","","","","","","","","","","","","","","","","","","","","","","","","","","","","","","","","","","","1080","","","","","1144","","","","","1232","","","","","2190","","2919","","1696","","1088","","","","",
"Portugal","PRT","UHC service coverage index","SH.UHC.SRVS.CV.XD","","","","","","","","","","","","","","","","","","","","","","","","","","","","","","","","","","","","","","","","","1752","","","","","1888","","","","","1984","","","","","4545","","3474","","2064","","1408","","","","",
"Paraguay","PRY","UHC service coverage index","SH.UHC.SRVS.CV.XD","","","","","","","","","","","","","","","","","","","","","","","","","","","","","","","","","","","","","","","","","1112","","","","","1336","","","","","1528","","","","","3746","","2821","","1672","","1152","","","","",
"West Bank and Gaza","PSE","UHC service coverage index","SH.UHC.SRVS.CV.XD","","","","","","","","","","","","","","","","","","","","","","","","","","","","","","","","","","","","","","","","","","","","","","","","","","","","","","","","","","","","","","","","","","",
"Pacific island small states","PSS","UHC service coverage index","SH.UHC.SRVS.CV.XD","","","","","","","","","","","","","","","","","","","","","","","","","","","","","","","","","","","","","","","","","","","","","","","","","","","","","","","","1735.88600952123","","929.234165330961","","","","","","","","",
"Post-demographic dividend","PST","UHC service coverage index","SH.UHC.SRVS.CV.XD","","","","","","","","","","","","","","","","","","","","","","","","","","","","","","","","","","","","","","","","","","","","","","","","","","","","","","","","2502.19615794534","","1402.65816129663","","","","","","","","",
"French Polynesia","PYF","UHC service coverage index","SH.UHC.SRVS.CV.XD","","","","","","","","","","","","","","","","","","","","","","","","","","","","","","","","","","","","","","","","","","","","","","","","","","","","","","","","","","","","","","","","","","",
"Qatar","QAT","UHC service coverage index","SH.UHC.SRVS.CV.XD","","","","","","","","","","","","","","","","","","","","","","","","","","","","","","","","","","","","","","","","","1240","","","","","1280","","","","","1472","","","","","2869","","2884","","1792","","1216","","","","",
"Reunion","REU","UHC service coverage index","SH.UHC.SRVS.CV.XD","","","","","","","","","","","","","","","","","","","","","","","","","","","","","","","","","","","","","","","","","","","","","","","","","","","","","","","","","","","","","","","","","","",
"Romania","ROU","UHC service coverage index","SH.UHC.SRVS.CV.XD","","","","","","","","","","","","","","","","","","","","","","","","","","","","","","","","","","","","","","","","","","","","","","","","","","","","","","","","","","","","","","","","","","",
"Romania","ROU","UHC service coverage index","SH.UHC.SRVS.CV.XD","","","","","","","","","","","","","","","","","","","","","","","","","","","","","","","","","","","","","","","","","1640","","","","","1704","","","","","1736","","","","","4065","","3074","","1832","","1248","","","","",
"Russia","RUS","UHC service coverage index","SH.UHC.SRVS.CV.XD","","","","","","","","","","","","","","","","","","","","","","","","","","","","","","","","","","","","","","","","","1272","","","","","1160","","","","","1648","","","","","3841","","3082","","1864","","1264","","","","",
"Rwanda","RWA","UHC service coverage index","SH.UHC.SRVS.CV.XD","","","","","","","","","","","","","","","","","","","","","","","","","","","","","","","","","","","","","","","","","488","","","","","664","","","","","984","","","","","2788","","2177","","1184","","784","","","","",
"South Asia","SAS","UHC service coverage index","SH.UHC.SRVS.CV.XD","","","","","","","","","","","","","","","","","","","","","","","","","","","","","","","","","","","","","","","","","683.006377045552","","","","","785.441153069146","","","","","1081.78252514562","","","","","2870.49018065292","","2243.68953536456","","1405.34282883201","","944","","","","",
"Saudi Arabia","SAU","UHC service coverage index","SH.UHC.SRVS.CV.XD","","","","","","","","","","","","","","","","","","","","","","","","","","","","","","","","","","","","","","","","","1624","","","","","1656","","","","","1688","","","","","2945","","3002","","1736","","1184","","","","",
"Sudan","SDN","UHC service coverage index","SH.UHC.SRVS.CV.XD","","","","","","","","","","","","","","","","","","","","","","","","","","","","","","","","","","","","","","","","","616","","","","","664","","","","","872","","","","","1738","","1820","","1072","","704","","","","",
"Senegal","SEN","UHC service coverage index","SH.UHC.SRVS.CV.XD","","","","","","","","","","","","","","","","","","","","","","","","","","","","","","","","","","","","","","","","","504","","","","","616","","","","","928","","","","","2410","","1925","","1208","","800","","","","",
"Singapore","SGP","UHC service coverage index","SH.UHC.SRVS.CV.XD","","","","","","","","","","","","","","","","","","","","","","","","","","","","","","","","","","","","","","","","","1520","","","","","1664","","","","","1936","","","","","3509","","3550","","2096","","1424","","","","",
"Solomon Islands","SLB","UHC service coverage index","SH.UHC.SRVS.CV.XD","","","","","","","","","","","","","","","","","","","","","","","","","","","","","","","","","","","","","","","","","776","","","","","800","","","","","1000","","","","","1886","","1943","","1136","","752","","","","",
"Sierra Leone","SLE","UHC service coverage index","SH.UHC.SRVS.CV.XD","","","","","","","","","","","","","","","","","","","","","","","","","","","","","","","","","","","","","","","","","360","","","","","408","","","","","672","","","","","1956","","1591","","920","","656","","","","",
"El Salvador","SLV","UHC service coverage index","SH.UHC.SRVS.CV.XD","","","","","","","","","","","","","","","","","","","","","","","","","","","","","","","","","","","","","","","","","1232","","","","","1544","","","","","1720","","","","","3091","","3132","","1856","","1248","","","","",
"San Marino","SMR","UHC service coverage index","SH.UHC.SRVS.CV.XD","","","","","","","","","","","","","","","","","","","","","","","","","","","","","","","","","","","","","","","","","1688","","","","","1776","","","","","1824","","","","","1904","","1944","","1888","","1232","","","","",
"Somalia","SOM","UHC service coverage index","SH.UHC.SRVS.CV.XD","","","","","","","","","","","","","","","","","","","","","","","","","","","","","","","","","","","","","","","","","288","","","","","304","","","","","432","","","","","902","","1041","","632","","432","","","","",
"Serbia","SRB","UHC service coverage index","SH.UHC.SRVS.CV.XD","","","","","","","","","","","","","","","","","","","","","","","","","","","","","","","","","","","","","","","","","1096","","","","","1552","","","","","1552","","","","","3719","","2833","","1800","","1152","","","","",
"Sub-Saharan Africa","SSA","UHC service coverage index","SH.UHC.SRVS.CV.XD","","","","","","","","","","","","","","","","","","","","","","","","","","","","","","","","","","","","","","","","","","","","","","","","","","","","","","","","1318.31045104503","","745.835096834371","","","","","","","","",
"South Sudan","SSD","UHC service coverage index","SH.UHC.SRVS.CV.XD","","","","","","","","","","","","","","","","","","","","","","","","","","","","","","","","","","","","","","","","","448","","","","","472","","","","","560","","","","","1166","","1255","","752","","544","","","","",
"Sub-Saharan Africa (all income levels)","SSF","UHC service coverage index","SH.UHC.SRVS.CV.XD","","","","","","","","","","","","","","","","","","","","","","","","","","","","","","","","","","","","","","","","","530.552617625923","","","","","639.889994853453","","","","","856.027742491139","","","","","2305.51205737658","","1760.83423625864","","1044.30504968817","","688","","","","",
"Small states","SST","UHC service coverage index","SH.UHC.SRVS.CV.XD","","","","","","","","","","","","","","","","","","","","","","","","","","","","","","","","","","","","","","","","","","","","","","","","","","","","","","","","1851.24744783943","","1032.51320022879","","","","","","","","",
"Sao Tome and Principe","STP","UHC service coverage index","SH.UHC.SRVS.CV.XD","","","","","","","","","","","","","","","","","","","","","","","","","","","","","","","","","","","","","","","","","816","","","","","928","","","","","1168","","","","","2953","","2295","","1440","","944","","","","",
"Suriname","SUR","UHC service coverage index","SH.UHC.SRVS.CV.XD","","","","","","","","","","","","","","","","","","","","","","","","","","","","","","","","","","","","","","","","","1048","","","","","1384","","","","","1544","","","","","2862","","2903","","1688","","1008","","","","",
"Slovak Republic","SVK","UHC service coverage index","SH.UHC.SRVS.CV.XD","","","","","","","","","","","","","","","","","","","","","","","","","","","","","","","","","","","","","","","","","1536","","","","","1736","","","","","1792","","","","","4251","","3261","","1928","","1312","","","","",
"Slovenia","SVN","UHC service coverage index","SH.UHC.SRVS.CV.XD","","","","","","","","","","","","","","","","","","","","","","","","","","","","","","","","","","","","","","","","","1736","","","","","1752","","","","","1832","","","","","4347","","3303","","2000","","1344","","","","",
"Sweden","SWE","UHC service coverage index","SH.UHC.SRVS.CV.XD","","","","","","","","","","","","","","","","","","","","","","","","","","","","","","","","","","","","","","","","","1752","","","","","1840","","","","","1952","","","","","4597","","3510","","2056","","1360","","","","",
"Swaziland","SWZ","UHC service coverage index","SH.UHC.SRVS.CV.XD","","","","","","","","","","","","","","","","","","","","","","","","","","","","","","","","","","","","","","","","","848","","","","","1072","","","","","1232","","","","","3144","","2487","","1392","","896","","","","",
"Sint Maarten (Dutch part)","SXM","UHC service coverage index","SH.UHC.SRVS.CV.XD","","","","","","","","","","","","","","","","","","","","","","","","","","","","","","","","","","","","","","","","","","","","","","","","","","","","","","","","","","","","","","","","","","",
"SUB-SAHARAN AFRICA (excl. Nigeria)","SXN","UHC service coverage index","SH.UHC.SRVS.CV.XD","","","","","","","","","","","","","","","","","","","","","","","","","","","","","","","","","","","","","","","","","","","","","","","","","","","","","","","","","","","","","","","","","","",
"Seychelles","SYC","UHC service coverage index","SH.UHC.SRVS.CV.XD","","","","","","","","","","","","","","","","","","","","","","","","","","","","","","","","","","","","","","","","","1072","","","","","1168","","","","","1424","","","","","2903","","2951","","1744","","1200","","","","",
"Syrian Arab Republic","SYR","UHC service coverage index","SH.UHC.SRVS.CV.XD","","","","","","","","","","","","","","","","","","","","","","","","","","","","","","","","","","","","","","","","","1088","","","","","1240","","","","","1368","","","","","2395","","2460","","1440","","1024","","","","",
"Turks and Caicos Islands","TCA","UHC service coverage index","SH.UHC.SRVS.CV.XD","","","","","","","","","","","","","","","","","","","","","","","","","","","","","","","","","","","","","","","","","","","","","","","","","","","","","","","","","","","","","","","","","","",
"Chad","TCD","UHC service coverage index","SH.UHC.SRVS.CV.XD","","","","","","","","","","","","","","","","","","","","","","","","","","","","","","","","","","","","","","","","","368","","","","","384","","","","","544","","","","","1521","","1156","","656","","464","","","","",
"East Asia & Pacific (IDA & IBRD)","TEA","UHC service coverage index","SH.UHC.SRVS.CV.XD","","","","","","","","","","","","","","","","","","","","","","","","","","","","","","","","","","","","","","","","","","","","","","","","","","","","","","","","2192.84823070998","","1258.58208942303","","","","","","","","",
"Europe & Central Asia (IDA & IBRD)","TEC","UHC service coverage index","SH.UHC.SRVS.CV.XD","","","","","","","","","","","","","","","","","","","","","","","","","","","","","","","","","","","","","","","","","","","","","","","","","","","","","","","","2133.12538717218","","1232.46067915627","","","","","","","","",
"Togo","TGO","UHC service coverage index","SH.UHC.SRVS.CV.XD","","","","","","","","","","","","","","","","","","","","","","","","","","","","","","","","","","","","","","","","","488","","","","","640","","","","","760","","","","","2262","","1755","","1008","","704","","","","",
"Thailand","THA","UHC service coverage index","SH.UHC.SRVS.CV.XD","","","","","","","","","","","","","","","","","","","","","","","","","","","","","","","","","","","","","","","","","1016","","","","","1448","","","","","1648","","","","","4141","","3296","","1976","","1312","","","","",
"Tajikistan","TJK","UHC service coverage index","SH.UHC.SRVS.CV.XD","","","","","","","","","","","","","","","","","","","","","","","","","","","","","","","","","","","","","","","","","1000","","","","","1088","","","","","1368","","","","","3633","","2780","","1648","","1072","","","","",
"Turkmenistan","TKM","UHC service coverage index","SH.UHC.SRVS.CV.XD","","","","","","","","","","","","","","","","","","","","","","","","","","","","","","","","","","","","","","","","","1296","","","","","1472","","","","","1616","","","","","2877","","2926","","1768","","1200","","","","",
"Latin America & Caribbean (IDA & IBRD)","TLA","UHC service coverage index","SH.UHC.SRVS.CV.XD","","","","","","","","","","","","","","","","","","","","","","","","","","","","","","","","","","","","","","","","","","","","","","","","","","","","","","","","2309.82339050019","","1280.0232475951","","","","","","","","",
"Timor-Leste","TLS","UHC service coverage index","SH.UHC.SRVS.CV.XD","","","","","","","","","","","","","","","","","","","","","","","","","","","","","","","","","","","","","","","","","712","","","","","752","","","","","1024","","","","","2635","","2084","","1224","","832","","","","",
"Middle East & North Africa (IDA & IBRD)","TMN","UHC service coverage index","SH.UHC.SRVS.CV.XD","","","","","","","","","","","","","","","","","","","","","","","","","","","","","","","","","","","","","","","","","","","","","","","","","","","","","","","","2020.90436993284","","1145.65739923761","","","","","","","","",
"Timor-Leste","TLS","UHC service coverage index","SH.UHC.SRVS.CV.XD","","","","","","","","","","","","","","","","","","","","","","","","","","","","","","","","","","","","","","","","","","","","","","","","","","","","","","","","","","","","","","","","","","",
"Tonga","TON","UHC service coverage index","SH.UHC.SRVS.CV.XD","","","","","","","","","","","","","","","","","","","","","","","","","","","","","","","","","","","","","","","","","1056","","","","","1096","","","","","1280","","","","","2248","","2322","","1360","","912","","","","",
"South Asia (IDA & IBRD)","TSA","UHC service coverage index","SH.UHC.SRVS.CV.XD","","","","","","","","","","","","","","","","","","","","","","","","","","","","","","","","","","","","","","","","","","","","","","","","","","","","","","","","1590.89750550142","","898.978773777935","","","","","","","","",
"Sub-Saharan Africa (IDA & IBRD)","TSS","UHC service coverage index","SH.UHC.SRVS.CV.XD","","","","","","","","","","","","","","","","","","","","","","","","","","","","","","","","","","","","","","","","","","","","","","","","","","","","","","","","1318.60874640854","","746.084603186124","","","","","","","","",
"Trinidad and Tobago","TTO","UHC service coverage index","SH.UHC.SRVS.CV.XD","","","","","","","","","","","","","","","","","","","","","","","","","","","","","","","","","","","","","","","","","1192","","","","","1568","","","","","1704","","","","","3032","","3066","","1800","","1200","","","","",
"Tunisia","TUN","UHC service coverage index","SH.UHC.SRVS.CV.XD","","","","","","","","","","","","","","","","","","","","","","","","","","","","","","","","","","","","","","","","","1080","","","","","1384","","","","","1480","","","","","3636","","2774","","1648","","1072","","","","",
"Turkey","TUR","UHC service coverage index","SH.UHC.SRVS.CV.XD","","","","","","","","","","","","","","","","","","","","","","","","","","","","","","","","","","","","","","","","","1400","","","","","1544","","","","","1584","","","","","4033","","3106","","1864","","1216","","","","",
"Tuvalu","TUV","UHC service coverage index","SH.UHC.SRVS.CV.XD","","","","","","","","","","","","","","","","","","","","","","","","","","","","","","","","","","","","","","","","","888","","","","","952","","","","","1160","","","","","1232","","1248","","1248","","832","","","","",
"Taiwan, China","TWN","UHC service coverage index","SH.UHC.SRVS.CV.XD","","","","","","","","","","","","","","","","","","","","","","","","","","","","","","","","","","","","","","","","","","","","","","","","","","","","","","","","","","","","","","","","","","",
"Tanzania","TZA","UHC service coverage index","SH.UHC.SRVS.CV.XD","","","","","","","","","","","","","","","","","","","","","","","","","","","","","","","","","","","","","","","","","472","","","","","584","","","","","824","","","","","2179","","1715","","1040","","688","","","","",
"Uganda","UGA","UHC service coverage index","SH.UHC.SRVS.CV.XD","","","","","","","","","","","","","","","","","","","","","","","","","","","","","","","","","","","","","","","","","528","","","","","696","","","","","896","","","","","2412","","1885","","1168","","784","","","","",
"Ukraine","UKR","UHC service coverage index","SH.UHC.SRVS.CV.XD","","","","","","","","","","","","","","","","","","","","","","","","","","","","","","","","","","","","","","","","","1232","","","","","1272","","","","","1512","","","","","3595","","2852","","1816","","1216","","","","",
"Upper middle income","UMC","UHC service coverage index","SH.UHC.SRVS.CV.XD","","","","","","","","","","","","","","","","","","","","","","","","","","","","","","","","","","","","","","","","","1488","","","","","1448","","","","","1616","","","","","4074.14577622105","","3137.22824262214","","1848","","1264","","","","",
"Uruguay","URY","UHC service coverage index","SH.UHC.SRVS.CV.XD","","","","","","","","","","","","","","","","","","","","","","","","","","","","","","","","","","","","","","","","","1560","","","","","1664","","","","","1840","","","","","4369","","3296","","1960","","1312","","","","",
"United States","USA","UHC service coverage index","SH.UHC.SRVS.CV.XD","","","","","","","","","","","","","","","","","","","","","","","","","","","","","","","","","","","","","","","","","1856","","","","","1928","","","","","1968","","","","","4539","","3460","","2024","","1376","","","","",
"Uzbekistan","UZB","UHC service coverage index","SH.UHC.SRVS.CV.XD","","","","","","","","","","","","","","","","","","","","","","","","","","","","","","","","","","","","","","","","","1296","","","","","1312","","","","","1592","","","","","2928","","2977","","1768","","1200","","","","",
"St. Vincent and the Grenadines","VCT","UHC service coverage index","SH.UHC.SRVS.CV.XD","","","","","","","","","","","","","","","","","","","","","","","","","","","","","","","","","","","","","","","","","1120","","","","","1480","","","","","1632","","","","","2859","","2999","","1800","","1104","","","","",
"Venezuela","VEN","UHC service coverage index","SH.UHC.SRVS.CV.XD","","","","","","","","","","","","","","","","","","","","","","","","","","","","","","","","","","","","","","","","","1200","","","","","1448","","","","","1600","","","","","3041","","3010","","1744","","1200","","","","",
"British Virgin Islands","VGB","UHC service coverage index","SH.UHC.SRVS.CV.XD","","","","","","","","","","","","","","","","","","","","","","","","","","","","","","","","","","","","","","","","","","","","","","","","","","","","","","","","","","","","","","","","","","",
"Virgin Islands","VIR","UHC service coverage index","SH.UHC.SRVS.CV.XD","","","","","","","","","","","","","","","","","","","","","","","","","","","","","","","","","","","","","","","","","","","","","","","","","","","","","","","","","","","","","","","","","","",
"Vietnam","VNM","UHC service coverage index","SH.UHC.SRVS.CV.XD","","","","","","","","","","","","","","","","","","","","","","","","","","","","","","","","","","","","","","","","","912","","","","","1056","","","","","1416","","","","","3879","","2939","","1664","","1088","","","","",
"Vanuatu","VUT","UHC service coverage index","SH.UHC.SRVS.CV.XD","","","","","","","","","","","","","","","","","","","","","","","","","","","","","","","","","","","","","","","","","816","","","","","808","","","","","992","","","","","1945","","1920","","1152","","752","","","","",
"West Bank and Gaza","PSE","UHC service coverage index","SH.UHC.SRVS.CV.XD","","","","","","","","","","","","","","","","","","","","","","","","","","","","","","","","","","","","","","","","","","","","","","","","","","","","","","","","","","","","","","","","","","",
"World","WLD","UHC service coverage index","SH.UHC.SRVS.CV.XD","","","","","","","","","","","","","","","","","","","","","","","","","","","","","","","","","","","","","","","","","1080","","","","","1200","","","","","1392","","","","","3527.0355595413","","2708.75200761862","","1624","","1088","","","","",
"Samoa","WSM","UHC service coverage index","SH.UHC.SRVS.CV.XD","","","","","","","","","","","","","","","","","","","","","","","","","","","","","","","","","","","","","","","","","1000","","","","","944","","","","","1168","","","","","2258","","2282","","1304","","880","","","","",
"Kosovo","XKX","UHC service coverage index","SH.UHC.SRVS.CV.XD","","","","","","","","","","","","","","","","","","","","","","","","","","","","","","","","","","","","","","","","","","","","","","","","","","","","","","","","","","","","","","","","","","",
"Yemen","YEM","UHC service coverage index","SH.UHC.SRVS.CV.XD","","","","","","","","","","","","","","","","","","","","","","","","","","","","","","","","","","","","","","","","","696","","","","","736","","","","","952","","","","","2194","","1722","","1024","","672","","","","",
"Yemen, PDR","YMD","UHC service coverage index","SH.UHC.SRVS.CV.XD","","","","","","","","","","","","","","","","","","","","","","","","","","","","","","","","","","","","","","","","","","","","","","","","","","","","","","","","","","","","","","","","","","",
"Serbia and Montenegro","YUG","UHC service coverage index","SH.UHC.SRVS.CV.XD","","","","","","","","","","","","","","","","","","","","","","","","","","","","","","","","","","","","","","","","","","","","","","","","","","","","","","","","","","","","","","","","","","",
"South Africa","ZAF","UHC service coverage index","SH.UHC.SRVS.CV.XD","","","","","","","","","","","","","","","","","","","","","","","","","","","","","","","","","","","","","","","","","976","","","","","1192","","","","","1472","","","","","3743","","2837","","1672","","1136","","","","",
"Congo, Dem. Rep.","COD","UHC service coverage index","SH.UHC.SRVS.CV.XD","","","","","","","","","","","","","","","","","","","","","","","","","","","","","","","","","","","","","","","","","","","","","","","","","","","","","","","","","","","","","","","","","","",
"Zambia","ZMB","UHC service coverage index","SH.UHC.SRVS.CV.XD","","","","","","","","","","","","","","","","","","","","","","","","","","","","","","","","","","","","","","","","","688","","","","","824","","","","","1080","","","","","2934","","2165","","1304","","896","","","","",
"Zimbabwe","ZWE","UHC service coverage index","SH.UHC.SRVS.CV.XD","","","","","","","","","","","","","","","","","","","","","","","","","","","","","","","","","","","","","","","","","736","","","","","760","","","","","1112","","","","","2254","","2278","","1320","","880","","","","",
